entry	pronunciation	gloss_A	gloss_B	grammatical-info	definition	example	example_analysis1	example_anaysis2
a	a	ASSOC	ASSOC	Associativo		mwana wa Fátima	criança de Fátima	child of Fatima
adia		canoa	dugout canoe	Nome				
adidi	a.di.di	bom	good	Adjectivo		akazi adidi	boas mulheres	
adu		pulga	flea	Nome				
aka		ano	year	Nome				
aka	a.ka	este	this	Demonstrativo1				
akudya		comida	food	Nome				
akudza		estrangeira	foreigner	Nome				
akugawika		dividivel	dividable	Nome				
akutoma		premeiro	first	Nome				
ala		pedra	stone	Nome				
ala		dedo	finger	Nome				
amacadu		machado	axe	Nome				
ambo		lei	law	Nome				
ambuk		atravessar	cross	Verbo		Ng'ona yaambuka.	O crocodilo atravessou (rio).	The crocodile crossed (the river).
amyali		rapariga	girl	Nome				
ana		criança	child	Nome		Yana ana ana.	Yana tem crianças.	Yana has children.
ana-cinthu		dono	owner	Nome		mwana-cinthu nyumba	dono de casa	
ana-mobvi		adjunto	adjunct	Nome				
anakati		mensageiro	messenger	Nome				
anambwa		cão	dog	Nome				
ande		sim	yes	Advérbio				
ani		quem?	who?	Interrogativo				
anji		que?	what?	Interrogativo				
apa		este	this	Demonstrativo1				
api		o que	what	Interrogativo				
aso		tronco	trunk	Nome				
atikiti		bilhete	ticket	Nome				
authambi		mentirosos	liar	Nome				
awa		este	this	Demonstrativo1				
b		roubar	steal	Verbo		Mbava aba.	O ladrão roubou.	
baala		gazela	gazell	Nome				
baba		pai	father	Nome				
babvu		costela	rib	Nome				
badza		cobra tipo	snake type	Nome				
badzo		machadinha	hatchet	Nome				
bal		dar à luz	give birth	Verbo				
balalik		fugir	flee	Verbo				
balame		passaro	bird	Nome				
balangaz		consolar	console	Verbo				
bale		irmão	brother	Nome				
bali		natureza activo	nature active	Nome				
balik		ser bonito	be beautiful	Verbo		Iye abalika	ela é bonito	
balis		partejar	midwiving	Verbo				
baliw		nascer-se	be born	Verbo				
balwi		natureza passivo	nature passive	Nome				
bambaya		batata doce	sweet potato	Nome		mabambaya mikulu	batata doce grande	
bandazi		empregado	servant	Nome				
bande		flor	flower	Nome				
banja		casamento	marriage	Nome				
banku		banco	stool	Nome				
bara		mar	sea	Nome				
basa		trabalho	work	Nome				
basi		sómente	only	Advérbio		Ndisalonga ciSena basi.	Falo somente Sena.	
batha		pato	duck	Nome				
baulu		caixão	coffin	Nome				
bemberuwa		borboleta	butterfly	Nome				
benga		buraco	hole	Nome				
ber		robar alguem	rob someone	Verbo				
bere		mama	breast	Nome				
beser		amanhecer	wake up early	Verbo		Iye abesera kugombe	Ele amadrugou para rio	He woke up early to go to the river.
beu		semente	seed	Nome				
bhande		cinto	belt	Nome				
bhonzo		osso de perna	leg bone	Nome				
bibvu		inveja	jealousy	Nome				
bichu		escravo	slave	Nome				
bidz		mergulhar	submerge	Verbo				
bidzi		zebra	zebra	Nome				
bimbi		onda	wave	Nome				
binzi		chacal	jackal	Nome				
bira		ovelho	sheep	Nome				
biri		glória	glory	Nome				
bisal		esconder-se	hide	Verbo		pinthu pya kubisala	coisas escondidos	
bisobiso		segredo	secret	Nome				
biti		lontra	otter	Nome				
bobo		cobra tipo	snake type	Nome				
bodzi		um	one	Numeral		nkazi m'bodzi	esposa uma	one wife
bodzi-bodzi		o mesmo	the very	Adjectivo		Awene abodzi-bodzi ndio adalonga.	Eles mesmos foram falar. (São eles mesmo que falaram.)	
bokho		cabrito	goat	Nome				
bokosi		caixa	box	Nome				
boliboli		cego	blind	Nome				
bondia		bom dia	good morning					
bondo		joelho	knee	Nome				
bongwe		babuíno	baboon	Nome				
bonzo		nome	name	Nome				
boo		fundu do mar	ocean bottom	Nome				
botari		boa tarde	good afternoon					
bote		barco	boat	Nome				
bu		mosquito	mosquito	Nome		imbu maningi	muito mosquitos	
bua		eira	threshing floor	Nome				
bubu bubu		gaguez	stammering	Nome				
bukhu		livro	book	Nome				
bulangeti		manta	cover	Nome				
buluk		sair	leave	Verbo		Mpunga wabuluka maningi.	The rice produced a lot.	O arroz produziu muito.
bulukir		aparecer	appear	Verbo		ya kumabulukira dzuwa		east (lit the place of the sunrise) ma- = lugar
bulumund		rebolando	roll in	Verbo				
bulus		tirar fora	throw out	Verbo				
bulusir		tirar	remove	Verbo				
bumba		povo	people	Nome				
bume		orvalho	dew	Nome				
buru		burro	donkey	Nome				
buto		lugar	place	Nome				
buwa		pescador	fisherman	Nome				
buyantumbzi		consogros	in-laws	Nome				
buzi		cabrito	goat	Nome				
bv		ouvir	hear	Verbo		Ndisabva pisa.	Sinto quente.	I feel hot.
bval		vestir	wear	Verbo		Ndabvala capeu.	Usei chapeu.	
bvalir		vestir bem	dapper	Verbo				
bvek		percerber-se	understand	Verbo				
bvembe		melancia	watermelon	Nome				
bver		obedecer	obey	Verbo				
bveran		combinar	make agreement	Verbo		Ine ndisabverana na Antonyo.	Eu combina-se bem com António.	
bverano		harmonia	contract	Nome				
bves		escutar	listen	Verbo		Sidapibvesa tayu	Não percebi	
bvi		cabelo branco	white hair	Nome				
bvin		dançar	dance	Verbo				
bvini		dançarino	dancer	Nome				
bvumb		chover	rain	Verbo		Mulungu zulo abvumba	Ontem choveu	
bvumbe		rato de agua	water rat	Nome				
bvun		colher	harvest	Verbo		Abvuna mphuga.	Eles colheram arroz.	They harvested rice.
bvungaz		misturar	mix together	Verbo				
bvuni		pacificador	peacemaker	Nome				
bvunz		perguntar	ask to	Verbo		Ndoko kabvunze Antonyo mangwana abwere kuno.	Vai pedir António para amanha vir cá.	
bvunzir		namorar	love	Verbo				
bvuu		hipopotomo	hippopotomus	Nome				
bwazi		linha	cord	Nome				
bwek		confessar	confess	Verbo		Bweka kudawa kwako.	Confessa os teus pecados.	
bwek		falar	careless talk	Verbo				
bwer		vir	come	Verbo		Bwera pano.		
bwerer		regressar	return	Verbo				
bweres		trazer	bring	Verbo				
bwerezer		reagir	react	Verbo				
bwezer		devolver	give back	Verbo				
bzal		semear	sow seeds	Verbo				
bzere		esqueda	direita	Advérbio				
bzimb		inchar	swell	Verbo				
bzwal		semear	plant	Verbo				
bárigi		barco (tipo)	barge	Nome				
cabanga		cerveja	beer	Nome		cabanga wadzipa wadidi	cerveja forte boa	
cap		remar	row	Verbo				
ce		d'ele	his	Possessivo				
ceker		cortar	cut	Verbo				
cemer		chamar	call	Verbo				
cen		blanco	white	Verbo				
cenjedz		advirtir	notify	Verbo				
cenjer		esperto	sly	Verbo				
cep		é pouco	is little	Verbo				
cepes		diminuir	make smaller	Verbo				
cepesek		humilar-se	humble-oneself	Verbo				
cera		poço	a well	Nome				
cetum		relampejar	making lighning	Verbo				
cez		conversar	converse	Verbo				
chanje		ciúme	jealousy	Nome				
checa		areia	sand	Nome				
chek		plantar	plant	Verbo				
cheker		transplantar	transplant	Verbo				
chereng		ser pobre	be poor	Verbo				
cherengi		pobre	poor person	Nome				
chichi		raiz	root	Nome				
chikwa		suporte	support	Nome				
ching		vingar	take revenge	Verbo				
chinyuk		arrepender-se	repent	Verbo				
chiru		rato	rat	Nome				
chit		descer	descend	Verbo				
chith		descer	come down	Verbo				
chitichiti		alto noite	midnight	Nome				
choco		passaro tipo	cardinal bird	Nome				
chodol		tirar fruta	pick	Verbo				
chunyuk		arrepender-se	repent	Verbo				
cibese		manhã	morning	Nome				
cifupi		perto	close to	Advérbio				
cikairi		segunda	second	Numeral				
cikwa		celeiro	food store	Nome				
cimbalame		passarinho	small bird	Nome				
cimbiz		apressar	hurry	Verbo		Wacimbiza na kulonga.	Apressou na falar.	
cimbuzi		latrina	toilet	Nome				
cimbuzi		cabrito	kid goat	Nome				
cimwan		não conseguir	not able	Verbo				
cincino		agora	now	Advérbio				
cindu		palmeira	palm tree	Nome				
cing		cortar cabelho	cut hair	Verbo		ndacinga ndebvu	cortei barba	I cut (my) beard
cingidz		apressar	quick	Verbo				
cinj		trocar	change	Verbo				
cipo		nunca	never	Advérbio				
cira		cauda	tail	Nome				
cit		fazer	do	Verbo				
citi		criador	creator	Nome				
citik		aconteceu	happen	Verbo				
citiro		hábitos	habits	Nome				
citwi		criatura	creature	Nome				
combo		umbigo	navel	Nome				
coto		no fogo	in the fire	Nome				
cunguz		casar	marry	Verbo				
cunguzo		casamento	marriage	Nome				
cunguzw		ser casado	be married	Verbo				
cunu		cintura	waist	Nome				
dade		secagem	drying rack	Nome				
dado		utensílio	utensil	Nome				
dafuntu		o morto	the dead one	Nome				
dambo		quintal	yard	Advérbio				
dambo		quintal	yard	Nome		Kuna munthu kudambo.	Está alguem fora de casa.	
dani		inimigo	enemy	Nome				
daw		pecar	sin	Verbo				
dawa		milando	court case	Nome				
daya		parteira	midwife	Nome				
dembuk		atrazar	late	Verbo				
dhadho		pulmão	lung	Nome				
dhuzi		perto de	close to	Advérbio				
didi		bondade	goodness	Nome				
dikhir		esperar	wait	Verbo				
dikhwa		coqueiro	coconut tree	Nome				
dima		escuridão	darkness	Nome				
dimba		machamba	garden	Nome				
dimingu		domingo	Sunday	Nome				
dimonyo		demonio	demon	Nome				
ding		observar	observe	Verbo				
dingis		verificar	verify	Verbo				
dipa		lança	spear	Nome				
djamuk		azedo	sour	Verbo				
djanja		medida de mão	hand full	Nome		Ndipase mazandja mawiri ampunga.	Da-me duas maos de arroz.	
djanja		mão	hand	Nome				
djenje		cova	hole	Nome				
djiwa		rola	dove	Nome				
djodj		deixar cair	drop	Verbo				
dobe		massa	clay mud	Nome				
dodom		enganar	deceive	Verbo		ndadodoma kukucemerani	chamei-o por engano	
dodomek		enganar-se	make error	Verbo		ndadodoma kukucemerani	chamei-o por engano	
dok		por do sol	sun set	Verbo		kudoka kwa dzuwa	por do sol	
dona		senhora branca	lady	Nome				
dondowe		para bens	congratulations	Advérbio				
dongo		barro	clay	Nome				
dotha		cinza	ash	Nome				
dul		arrancar	pull out	Verbo				
dumbir		jurar	swear	Verbo				
dumbiriro		promessa	promise	Nome				
dunguny		murmurar	murmur against	Verbo				
durumuk		murchar	wilt	Verbo				
duwal		esquecer-se	forget	Verbo				
dwal		ser doente	be sick	Verbo		asadwala manungo onsene	doente corpo todo	
dy		comer	eat	Verbo				
dyaundu		cabaçeira	gourd plant	Nome				
dyeker		subornar	bribe	Verbo				
dyiw		sofocar	choke	Verbo		Mbeu isadyiwa na tsanga.	Semente é sofocado pelo campim.	The seed is choked by weeds
dz		vir	come	Verbo		adza kationa	veio visitar-nos	
dzadzamir		tremer	shake	Verbo		Atoma kudzadzamira na kugopa.	Ele començou tremer com medo	
dzai		ovo	egg	Nome				
dzakazi		escravo	slave	Nome				
dzana		anteontem	two days ago	Advérbio				
dzana		cem	a hundred	Numeral				
dzango		amuleto	amulet	Nome				
dzati		ainda não	not yet	Advérbio		mbidzati ndidzati	Ainda não comi	
dzaz		encher	fill	Verbo				
dzedze		azar	bad luck	Nome				
dzemwa		maluco	crazy	Nome				
dzeru		juizo	judgement	Nome		Ana ndzeru zikulu.	Ele tem grande inteligencia.	
dzeser		trazer	bring	Verbo				
dzi		familia	family	Nome				
dzi		água	water	Nome				
dzice		não casada	unmarried	Nome				
dzidzi		mocho	owl	Nome				
dzidzi		altura	time	Nome		Ndzidzi wanji uno?	Que hora são?	
dziko		país	country	Nome				
dzimba		covil	den	Nome				
dzimola		cego	blind person	Nome				
dzina		nome	name	Nome				
dzinda		cidade	city	Nome		ndzinda ukulu		
dzindikir		reconhecer	recognize	Verbo				
dzindikiro		sinal	sign	Nome				
dzingul		cortar carne	cut meat	Verbo				
dzinza		tribo	ethnic group	Nome				
dzip		ter gosto	taste good	Verbo		Sadzipa maningi.	Tem muito bom sabor.	
dziw		saber	know	Verbo				
dziwis		informar	inform	Verbo				
dzizimuk		acordar	wake	Verbo				
dzo		poder	power	Nome				
dzololo		firme	standing firm	Advérbio				
dzongololo		mil pés	millipede	Nome				
dzongwe		galo	rooster	Nome				
dzonkhon		comer	eat	Verbo				
dzoya		cabelo	hair	Nome				
dzudzumik		preoccupado	worried	Verbo				
dzukulu		neto	grandson	Nome				
dzulo		ontem	yesterday	Nome				
dzulu		em cima de	on top of	Nome				
dzulu		no céu	in the sky	Nome				
dzulu		céu	heaven	Nome				
dzulu-dzulu		por cima	above	Nome				
dzumatirw		admirar-se	be surprized	Verbo				
dzungu		poeira	chaff	Nome				
dzuwa		sol	sun	Nome		khundu ya kumabulukira dzuwa	lado de sair o sol (fig. este)	
edza		na luz	in the light	Nome		Cidima na cedza	Escuridao e luz	Darkness and light
ekh		sozinho	alone	Advérbio		Iyo aenda okha.	Eles foram sozinhos	They went alone
end		ir	go	Verbo				
endamberi		redemoinho	whirlpool	Nome				
endo		perna	leg	Nome				
ene		muito	very	Advérbio		cinthu cene cadidi	coisa mesmo boa	
eneyi		este mesmo	this very one	Demonstrativo5				
eoo		ai	oh	Interjeição				
ezi		lua	moon	Nome				
f		morrer	die	Verbo				
fafa		figado	liver	Nome				
fala		voz	voice	Nome				
falinya		mandioca	manioc	Nome				
falinya		mandioqueira	manioc plant	Nome				
famb		andar	walk	Verbo				
fendezer		aproximar	come close	Verbo		Ine na iwe tafendezerana dhuzi.		
ferus		pôr a fervura	cook	Verbo				
fiari		dever	owe	Verbo				
fik		chegar	arrive	Verbo				
fik		sentir comichão	itch	Verbo				
fikir		enterrar	bury	Verbo				
fikir		hospedar-se	be host	Verbo				
finikiz		cobrir	cover	Verbo				
fiti		feiticeiro	witch	Nome				
fokotoz		esclarecer	clarify	Verbo		alonga na kufokotoza	falou com insisténcia	
fond		molhar comida	dip food	Verbo				
fotokodzer		confirmar	confirm	Verbo				
foxolo		pá	shovel	Nome				
foya		capalana	capalana	Nome				
fu		estômago	stomach	Nome				
fua		pedra de lar	hearth stone	Nome				
fudz		destruir	destroy	Verbo				
fufu		parede	wall	Nome				
ful		lavar roupa	wash clothes	Verbo				
fulamir		insultar	insult	Verbo				
fulatir		amaldiçoar	curse	Verbo				
fumbi		pó	dust	Nome				
fun		querer	want	Verbo				
funan		amar-se	love	Verbo				
funguk		aberto	open	Verbo				
fungul		abrir	open	Verbo				
funik		precisa	need	Verbo				
futa		óleo	oil	Nome		mafuta a kudya	óleo de cosinha	
futhuk		estendido	extended	Verbo				
futhul		abrir	open	Verbo				
futi		espingarda	gun	Nome				
fuwo		animal	animal	Nome				
fuy		criar criança	raise child	Verbo				
fuyo		cria	livestock	Nome				
fuz		destruir	destroy	Verbo				
gak		está aceso	burning	Verbo				
gamph		encaixar	catch	Verbo		iwe kudza kakugampha na manja	you will be caught in the hand	
gas		acender	light flame	Verbo				
gaw		dividir	arrange	Verbo				
gawiz		distribuir	distribute	Verbo				
gay		vaidade	vanity	Verbo		Ine ndisagaya na njinga yanga.	Eu orgulho-me com bicicleta minha.	
gerego		grego	Greek	Nome				
goa		vale	valley	Nome				
goce		farelo	chaff	Nome				
godam		joelhar	kneel	Verbo				
godamir		joelhar	kneel	Verbo				
gogodo		osso	bone	Nome				
gogom		ajoelhar	kneel	Verbo				
gole		unha	fingernail	Nome				
golo		tambor	drum	Nome				
gombe		margem de rio	river bank	Nome				
gon		dormir	sleep	Verbo		Mwagona piadidi?	dormiu bem?	
gop		ter medo	be afraid	Verbo				
gubudz		sacudir	shake dust off	Verbo				
gul		comprar	buy	Verbo				
gulis		vender	sell	Verbo				
guman		encontrar	find	Verbo				
gumanik		existir	exist	Verbo				
gumany		juntar	gather	Verbo				
gumbwa		armadilha	trap	Nome				
gundu		esquilo	squirrel	Nome				
guo		tecido	cloth	Nome				
guta		fortaleza	fortress	Nome				
guwa		eira	threshing floor	Nome				
guz		expusar	expulse	Verbo				
gw		jogar	play	Verbo		kugwa bola; kugwa makarta	jogar bola; jogar cartas	
gw		cair	fall	Verbo				
gwand		cortar	cut	Verbo				
gwedz		tocar	touch	Verbo		andigwedza na manja ace	ele tocou-me com a sua mao	
gwes		deixar cair	to drop one	Verbo				
ha		aé	what!	Interjeição		Ha! Ndi tenepa?	A final! É assim?	
ici		este	this	Demonstrativo1				
ico		ele	it	Pronome Independente				
id		odiar	hate	Verbo				
ife		nos	we	Pronome Pessoal				
ikh		pôr	put	Verbo				
iko		ele	it	Pronome Independente				
imb		cantar	sing	Verbo				
imbi		cantor	singer	Nome				
imo		ele	it					
imwe		vós	you all	Pronome Pessoal				
inde		sim	yes	Advérbio				
ine		eu	I	Pronome Pessoal				
infa		morte	death	Nome				
inji		multidão	crowd	Nome				
ip		pecar	sin	Verbo		Iye ayipa maningi	Ele é feio muito	
ipi		qual?	which?	Interrogativo				
ipi		mal	bad	Nome		kudzindikira udidi na uipi	reconhecer bom e mal	
ipi		este	this	Demonstrativo1				
ipir		chatear	irritate	Verbo				
ipirw		infeliz	unhappy	Verbo				
ipo		ele	it	Pronome Independente				
ipyo		eles	they	Pronome Independente				
ire		aquele	that one	Demonstrativo4				
iwe		tu	you	Pronome Pessoal				
iwo		eles	they	Pronome Pessoal				
iye		ele	he	Pronome Pessoal				
iyi		este	this	Demonstrativo1				
iyo		eles	they	Pronome Independente				
izi		este	this	Demonstrativo1				
izo		eles	they	Pronome Independente				
jala		fome	hunger	Nome				
jazi		relâmpago	lightning	Nome				
jiri		javalim	warthog	Nome				
Jorge		Jorge	George	Nome				
kabudula		calção	pants	Nome				
kaciti		asento	seat	Nome				
kadera		cadeira	chair	Nome				
kadzako		casaco	coat	Nome				
kaidi		prisão	prison	Nome				
kak		ponhar pele	drum skinning	Verbo				
kaka		leite	milk	Nome				
kakamir		insistir	insist	Verbo				
kakamwe		perfeitamente	really	Advérbio				
kalango		barro	pot	Nome				
kale		muito tempo	long time	Advérbio		ndafika kale	Chegei há muito tempo.	I arrived long ago.
kale		antigo	old	Advérbio				
kalene		muito tempo	long ago	Advérbio				
kali		antigo	long ago	Advérbio		anthu a kali	pessoas atigas, antepassados	people of long ago, ancestors
kaliboxo		prisão	prison	Nome				
kamba		cágado	tortoise	Nome				
kambalame		passarinho	diminuative- bird	Nome				
kambaz		gatinhar	crawl	Verbo				
kambuzi		cabritinha	small kid	Nome				
kameru		camelo	camel	Nome				
kamidza		camisa	shirt	Nome				
kamul		espremer	squeeze	Verbo				
kamunthu		homenzinho	small man	Nome				
kamuti		árvore pequena	small tree	Nome				
kamwana		criancinha	small child	Nome				
kamwanambwa		cãozinho	little dog	Nome				
kamwene		genro	son-in-law	Nome				
kang'ombe		boizinho	small cow	Nome				
kanwa		boca interior	mouth inside	Nome		mpaka nyama ifikire pa n'kanwa mwace (Sulo 023)	até a carne chega na boca d'ele	until meat arrives in mouth his
kanwa		boca detro	mouth inside	Nome				
kanyumba		casa pequena	small house	Nome				
karu		carro	car	Nome				
kate		pão	bread	Nome				
kati		meio	middle	Advérbio				
kati-na-kati		mesmo meio	very middle	Preposição				
kauta		arco pequeno	little bow	Nome				
kaxa		caixa	box	Nome				
kazali		casal	married couple	Nome				
kazari		casar	marry	Verbo				
kazi		feminina	feminine	Adjectivo		paka ikazi	gato feminia	gato female
kazi		costumes	women's ways	Nome				
kazi		mulher	woman	Nome			gato feminina	
khadzi		concha	slug	Nome				
khaindi		tipo	kind	Adjectivo				
khaka		pepino	cucumber	Nome				
khaka		pangolin	Pangolin	Nome				
khal		ser	be	Irregular Verb - Kukhala				
khalamu		leão	lion	Nome				
khalir		esperar	wait for	Verbo				
khaliro		comportamento	behaviour	Nome		Ana acincino makhaliro awo mbanawa	Crianças de agora (hojé) comportamento deles é este.	
khambala		corda	rope	Nome				
khanda		pele	skin	Nome				
khanga		galinha de mato	guinea fowl	Nome				
khangala		maca	stretcher	Nome				
kharakaka		doninha	polecat	Nome				
khazik		deixar sentar	let sit	Verbo				
khobok		quebrar	break	Verbo		wa kukhoboka ntima	tolerante	tolerant
khobwa		cesta grande	basket large	Nome				
khoko		casca	bark	Nome				
khole		tanga	loin cloth	Nome				
kholo		galinha	hen	Nome				
kholo		geração	generation	Nome				
kholokolo		costa	lower back	Nome				
kholongo		garganta	throat	Nome				
khomer		pregar	preach	Verbo				
khomole		precipício	cliff	Nome				
khond		recusar	refuse	Verbo		khonda nkazi		divorce wife
khondo		caminho	trail	Nome				
khondo		guerra	war	Nome				
khoni		inverno	winter	Nome				
khono		um metro	measure	Nome				
khope		cara	face	Nome				
khosi		pescoço	neck	Nome				
khosol		tossir	cough	Verbo				
khu		clamar	shout	Verbo				
khuch		arrancar	pull out	Verbo				
khuku		galinha	chicken	Nome				
khulupir		confiar	trust	Verbo		Khulupirani Mulungu anakwangisani	Confia em Deus para ti curar.	
khulupiriro		fé	faith	Nome				
khumba		porco	pig	Nome				
khumbi		casota	hut	Nome				
khumi		dez	ten	Numeral				
khundu		lado a lado	side by side	Nome				
khundu		lado	side	Nome		khundu yadidi		right side of body
khunguni		percevejo	bed bug	Nome				
khuni		lenha	firewood	Nome				
khunza		cesta pequena	basket small	Nome				
khurudzik		sossegar-se	quiet oneself	Verbo				
khuruzik		quietar	quiet	Verbo				
khut		ficar farto	be satisfied	Verbo		Ndakuta	Obrigado	
khuy		tocar	touch	Verbo				
khwale		perdiz	partridge	Nome				
khwaz		pintar	paint	Verbo				
khwazi		guia	fishhawk	Nome				
khwizi		animal tipo	shrew	Nome				
ko		2S	2S	Possessivo				
kobiri		dinheiro	money	Nome				
kodi		então	and so	Advérbio				
kokot		acabar	finish	Verbo				
kokot		puxar uma rede	pull a net	Verbo				
kokota		rede	net	Nome				
kole		nuvem	cloud	Nome				
kolo		macaco	monkey	Nome				
kom		é util	it's good	Verbo				
komerw		contente	happy	Verbo				
komos		desmair	faint	Verbo				
kondzi		o que cura	healer	Nome				
kones		culpado	guilty	Verbo				
kono		braço	arm	Nome				
kontho		ao mesmo lugar	the same place	Nome		Bale wako azati bwera kudaenda iye? Ande, ali kontho.	Teu irmao ainde nao voltou para onde foi? Sim, está ainde.	Your brother has not yet returned from where he went? Yes, he is in the same place.
konz		curar	heal	Verbo				
konzero		maneira de curar	way of curing	Nome		Makonzero ace mbakuipa.	A maneira que ele está a curar (tratar doentes) é mal.	
konziw		ser curado	be healed	Verbo				
kotam		enclinar	bend over	Verbo				
koy		guardar	keep	Verbo				
ku		á	to	Preposição				
kubulukira		desde	since	Nome		Kubulukira penepo	a partir de ali	
kubverana		de confiança	deep trusting	Nome				
kuca		amanhacer	sun rise	Nome				
kudza		vindo	coming	Nome				
kuenda-na-kuenda		para sempre	forever	Advérbio				
kugawika		partícula	particle	Nome				
kukakamiz		obrigar	force	Verbo				
kul		crecer	grow	Verbo				
kuli		á	to	Preposição		Kuli anthu onsene	em todas as pessoas	
kuliro		crecimento	growing	Nome				
kulo		rio	river	Nome				
kulu		grande	large	Adjectivo		nyama ikulu	carne ou animal grande	a large piece of meat or animal
kumb		cavar	dig	Verbo				
kumba		porco	pig	Nome				
kumbi		mandada	herd	Nome				
kumbi		palhota	small house	Nome				
kumbidz		pastorar	to shepherd	Verbo				
kumbidzi		pastor	shepherd	Nome				
kumbuk		lembrar	remember	Verbo				
kuna		com	with	Preposição				
kund		vencer	win	Verbo				
kunduli		costas	back	Nome				
kupi		onde?	where?	Interrogativo				
kusiana-sian		vários	various	Verbo		nthenda za kusiana-siana	doenças várias	
kutali		longe	far	Nome				
kutu		orelha	ear	Nome				
kwan		estar satisfeito	be satisfied	Verbo		This is a test	um teste	
kwanis		conseguir	be able	Verbo				
kwapul		açoitar	whip	Verbo				
kwat		levar	take	Verbo				
kweca		publicamente	publically	Advérbio		Alonga pakweca	Falou publicamente	
kwew		puxar	pull	Verbo				
kwi		mil	thousand	Nome				
kwir		subir	go up	Verbo				
kwis		ir contracorrente	go upstream	Verbo				
kwiz		por em cima	put on top	Verbo				
lalam		viver	live	Verbo				
lalanja		laranjeira	orange tree	Nome				
lambe		fruto	baobab fruit	Nome				
lambe		embondeiro	Boabab tree	Nome				
lambir		adorar	worship	Verbo				
lamu		cunhado	bro-in-law	Nome				
lamuk		acordar	wake up	Verbo				
lamus		acordar	wake	Verbo				
landalupya		verão	summer	Nome				
landan		é simulante	is like	Verbo				
landu		questão	legal problem	Nome				
lang'an		olhar	look	Verbo				
lang'anis		observar	observe	Verbo				
langi		moral de conto	moral of story	Nome				
laphi		comprimento	width	Nome				
ledzer		embebedar-se	get drunk	Verbo				
lek		desistir	quit	Verbo				
lekerer		perdoar	forgive	Verbo				
lemb		escrever	write	Verbo				
lemba		escritura	writings	Nome				
lembw		ser escrito	written	Verbo				
lemedz		respeitar	respect	Verbo				
lemer		cargado demais	over weighed	Verbo				
lendo		hóspede	guest	Nome				
lendo		viagem	trip	Nome				
leng		criar	create	Verbo				
lenges		contar	count	Verbo				
lengi		criador	creator	Nome				
lengo		milagre	miracle	Nome				
lero		hóje	today	Advérbio				
leser		tentar	tempt	Verbo				
lezi		abutre	vulture	Nome				
li		ser	be	Irregular Verb - li		Ali kunyumba	Está em casa.	S/he is in the house.
likombe		colher	spoon	Nome				
lim		cultivar	cultivate	Verbo				
limba		raposa	fox	Nome				
limi		lavrador	farmer	Nome				
limir		estar de pé	standing	Verbo				
linga		bilha	jar	Nome				
lini		quando?	when?	Interrogativo				
lip		pagar	pay	Verbo				
lipo		era ali	there was	Verbo		"akhalipo ""there was"" alipo ""there is"""		
lir		chorar	cry	Verbo				
lirimi		língua	tongue	Nome				
liwa		armadilha	snare	Nome				
liz		tocar	play	Verbo				
lobzek		naufragar	shipwreck	Verbo		Alobzweka mwadia	Naufragou com canoa	
lokot		achar	find	Verbo				
lokoter		apanhar migalhas	pick up scraps	Verbo				
lomo		boca	mouth	Nome				
lond		seguir	follow	Verbo		Mwanabwa ali kulonda cinyama	Cão está a perseguir o animal.	
londa		negócio	trade	Nome				
long		falar	talk	Verbo				
longan		disputar-se	dispute	Verbo				
longero		forma de falar	way of speaking	Nome		Malongero a Antonio nkhabe kubveka.	O forma de falar de Antonio não se entende.	language of Greek
lopa		sangue	animal	Nome				
lot		sonhar	dream	Verbo				
low		naufragar	sink	Verbo				
lukul		ruminar	ruminate	Verbo				
lukwali		prostituição	prostitution	Nome				
lul		podrecer	rot	Verbo				
lulup		leve	light weight	Verbo				
lum		morder	bite	Verbo				
lumbza		antelope	antilope	Nome				
lumo		lámina	blade	Nome				
lungam		justica	justice	Verbo				
lungu		Deus	God	Nome				
lungul		sabor de sal	salty taste	Verbo				
luphato		lobolo	bride price	Nome				
lupya		queimada	burnt	Nome		Nzizi uno ntsanga musaoneka lupya dza okhaokha.	Este tempo o mato se ve queimado sómente aquele tipo.	
luwa		flór	flower	Nome				
luz		perder	lose	Verbo				
m'bambakuca		madurgada	early morning	Advérbio				
m'boliboli		cego	blind person	Nome				
m'dzukwa		fantasma	ghost	Nome				
m'phole-m'phole		devegar	slowly	Advérbio				
madyo		direito	right side	Nome				
mai		mãe	mother	Nome				
makamaka		sobretudo	more than that	Advérbio		Ndisakufunani bwenye makamaka babano	Gosto (com respeito) sobretudo seu pai.	
makhundu		margem	bank	Nome				
makote		colheita	harvest	Nome				
makuantanthatu		sessenta	sixty	Numeral				
makumanai		quarenta	forty	Numeral				
makumatatu		trinte	thirty	Numeral				
makumawiri		vinte	twenty	Numeral				
mal		acabar	finish	Verbo		Ndamala kudya.	Acabei comer.	
malikofa		cesta	basket	Nome				
malis		causar acabar	cause to finish	Verbo		ndiri kumalisa	faulta pouco para acabar	
mama		mãe	mother	Nome				
mamphasa		gêmeos	twins	Nome				
man		golozise	glutonous	Verbo				
mang		amarrar	tie up	Verbo		akhazimanga	amarrava-a	
manga		mangeira	mango tree	Nome				
mangawa		dívida	debt	Nome				
mangwana		amanhã	tomorrow	Advérbio				
maningi		muito	much	Advérbio				
mankhadzi		noivo	fiancé	Nome				
manyazo		vergonha	shame	Nome				
manyedzo		migalha	table scraps	Nome				
mapita		competição	competition	Nome				
marambe		gato bravo	wild cat	Nome				
masedze		embora	even though	Conjunção				
masese		embora	even though	Conjunção				
masiye		cemitério	cemetery	Nome				
maso-maso		quer tudo	want all	Nome				
mata		saliva	saliva	Nome				
matal		ficar silencioso	be silent	Verbo				
matam		calar	be quiet	Verbo				
matamis		fazer calar	quiet	Verbo		Tendeni kamatamisa mamferwa.	Vamos conselhar (familia em) lutado.	
matongero		law	law	Nome				
mazimambo		rei	king	Nome				
mbadzati		antes	before	Advérbio				
mbale		prato	plate	Nome				
mbani		quem?	who?	Interrogativo				
mbanjiri		relva	grass	Nome				
mbava		ladrão	thief	Nome				
mbere		sardinha	sardine	Nome				
mbewa		rato	rat or mouse	Nome				
mbira		porquito	hydrax	Nome				
mbirimi		ogulho	pride	Nome		Imwe anthu a umbirimi...	Vocês homens de ogulho...	
mboni		testimonio	testimony	Nome				
mbudzati		antes	before	Advérbio				
mburuk		voar	fly	Verbo				
mbus		cobrar	collect fees	Verbo				
mbuya		senhor	lord	Nome				
mbvimbvinidz		extraviar	get lost	Verbo				
mbwenye		mas	but	Conjunção				
mbwera		migalhes	left-overs	Nome				
mebzala		sogra	mother-in-law	Nome				
medzo		anzol	fishing hook	Nome				
meny		bater	hit	Verbo				
menya-meny		partir pão	break bread	Verbo				
menyan		lutar	fight	Verbo				
mer		germinar	germinate	Verbo				
mera		germinação	germination	Nome				
mez		pescar	to fish	Verbo				
meza		mesa	table	Nome				
michamu		açoites	lashes	Nome				
mimba		barriga	belly	Nome				
minyoka		minhoca	worm	Nome				
moyok		comprimentar	greet	Verbo				
mpaka		até	until					
mpfukwe		covil	lair	Nome				
mpfumu		chefe	chief	Adjectivo		ababa apfumu	pais chefes	
mpfumu		chefe	chief	Nome				
mpfunye		bichinhos	bugs	Nome				
mphabano		cruzamento	cross-road	Nome				
mphandu		criminalidade	criminality	Nome				
mphapo		porém	therefore			Musafunanji mphapo na ine.	Porém o que quer comigo.	
mphawi		orfão	orphan	Nome				
mpupwira		galinha	chicken	Nome				
mu		em	in	Preposição				
mubvi		ouvinte	hearer	Nome				
mudzi		afitrião	host	Nome				
muikh		por	put	Verbo		Bwerani mumuikhe manja anu.	Vem por as suas mãos.	
mulopa		consanguinidade	consanguinity	Nome				
mulungu		chuva	rain	Nome		Mulungu abvumba pikulu.	Chuva choveu muito.	
mumphu		inteiro	entire	Advérbio		ntsiku ya mumphu, anthu a mumphu, nyama za mumphu		
muna		costumes	men's ways	Nome				
muna		masculino	male	Adjectivo		ngombe imuna	boi masculino	male ox
muna		em	in	Preposição				
muna		homen	man	Nome				
munga		quando	when	Advérbio				
munyu		sal	salt	Nome				
mus		propor casamento	propose	Verbo				
muti		arbusto	shrub	Nome				
muts		pedir relatório	request news	Verbo				
mw		beber	drink	Verbo				
mwal		divorciar	divorce	Verbo				
mwalan		divorciar-se	divorce	Verbo				
mwanyik		cumprimentar	greet	Verbo				
mwaz		esprelhar	spread	Verbo				
mwazik		esprelhar	spread	Verbo				
mwenemo		aquele mesmo	this very one	Demonstrativo6				
mwenikir		illuminar	iluminate	Verbo				
mwenye		muçulmano	muslim	Nome				
n		ter	have	Irregular Verb - na				
n'gano		fim	end	Nome		n'gano wa mapika	termino de corrida	
n'khangaiwa		pomba	pidgen	Nome				
n'tsanga		no mato	in the bush	Nome				
na		com	with	Preposição		cifupi na phiri	perto de montanha	close to the mountain
nai		quarto	four	Numeral				
nai		quarteto	quartette	Nome				
nai		quinta-feira	Thursday	Nome				
nakati-nakati		meio mesmo	very middle	Advérbio		Ndiri nakati-nakati wa nseu.		
nana		irmão	brother	Nome				
nanazi		ananás	pinapple	Nome				
nango		outra	other	Adjectivo				
nda		machamba	field	Nome				
ndalama		dineiro	money	Nome				
ndekha		sozinho	alone	Advérbio				
ndendemez		endireitar	straighten	Verbo				
ndi		é	it is	Copula Verb				
ndiko		cálice	calice	Nome				
ndimo		é verdade	it is true	Advérbio		ndimo mwene		
ndimu		limoneira	lemon tree	Nome				
ndimu		limão	lemon	Nome				
ndoko		va!	go!	Verbo				
ndoto		sonho	dream	Nome				
ndui		amendoim	ground nut	Nome				
nduli		depois	after	Preposição		Ali kupi mwana? Ali nduli mwako	Onde está a criança? Est atrás de ti.	
ne		näo	not	Advérbio				
nee		não	not					
nens		ser dificil	be dificult	Verbo		Basa ya nkumbizi isanensa	Trabalho de pastorar é dificil.	
net		cansar	tire	Verbo				
nfangu		gineta	genet	Nome				
nfofomimba		prostando-se	prostrated	Advérbio				
nfutete		paralezia	paralysis	Adjectivo				
ng'anga		curandeiro	medicine-man	Nome				
ng'oma		batuque	drum	Nome				
ng'ombe		boi	ox	Nome				
ng'ombo		remo	oar	Nome				
ng'ona		crocodilo	crocodile	Nome				
ng'ono		pouco	little	Adjectivo		munthu ng'ono; cinthu cing'ono		
ng'ono		irmão	brother	Nome				
ng'ono-ng'ono		muito pequenino	very small	Adjectivo				
nga		espinho	thorn	Nome				
nga		1S	1S	Possessivo				
ngana		alguém	someone	Nome				
ngasi		quantos?	how many?	Interrogativo		Muna pifuwo pingasi?	Tem animais quantas?	
ngumi		pessoa sã	well person	Nome				
ngungundu		almiscareiro	civet	Nome				
ninga		como	like					
nja		fora	just outside	Nome		Ndapira kunja kwakaru	Subiu atras de carro (aberto)	
nja		fora de	outside of	Nome				
njipi		o que?	what?	Interrogativo				
njira		caminho	trail	Nome				
njira		caminho	path	Nome				
nkaka		pepineiro	cucumber vine	Nome				
nkasi		tortaruga	water turtle	Nome				
nkati		dentro de	within	Preposição				
nkhabe		não 1	not 1	Advérbio		Wayenda xicola leru? Nkhabe, [sidaenda tayu.]	Foste escola hojé não neg-fui não	
nkhodolo		nuca	back of head	Advérbio				
nkhomole		precipício	cliff	Nome				
nkolo		hemorróides	hemorroids	Nome				
nkono-nkono		à direito	right side	Nome				
nkucano		depois de amanha	day after tomorrow	Advérbio				
nkudz		engrandecer	become great	Verbo				
nkuz		fazer crecer	make grow	Verbo				
no		dente	tooth	Nome				
nomwe		sete	seven	Numeral				
noz		afiar	sharpen	Verbo		Ndoko kanoze mpeni.	Vai afiar faca.	
nsanga		depressa	fast	Advérbio		hasafamba tayu mwansanga ninga sulo.		NEG-he-PRESENT-walk-VF not fast-VFIN as...as rabbit
nsanga-nsanga		muito depressa	very fast	Advérbio				
nsua		ilha	island	Nome				
nsunga		fermento	yeast liquid	Nome				
nsuzi		molho	gravy	Nome				
ntali		muito dentro	far in	Nome				
nthaka		herança	inheritance	Nome				
nthalaunda		area	area	Nome				
nthenda		uma doença	a sickness	Nome				
nthenga		pena de ave	feather	Nome				
nthu		coisa	thing	Nome				
nthu		pessoa	person	Nome				
nthuyu		raposa	Suricate	Nome				
ntondono		três dias depois	three days after	Advérbio				
ntsi		atrás	behind	Nome		Baba ali kunsi kwanyumba.	Pai está atrás de casa.	
ntsi		em baixo	down	Nome		Kalani pantsi.	Sente-se aqui.	Sit down please.
ntsima		massa	corn meal	Nome				
ntsorri		frango	pullet	Nome				
ntundu		groupo	group	Nome				
ntunzi		espírito	spirit	Nome				
nu		2P	2P	Possessivo				
numph		saltar	jump	Verbo				
nungo		corpo	body	Nome				
nungu		porco-espinho	porcupine	Nome				
nunkh		cheirar	smell	Verbo				
nyabasa		trabalhador	worker	Nome				
nyacinthu		dono	owner	Nome				
nyadzedze		azar	bad luck	Nome				
nyadzis		envergonhar	shame	Verbo				
nyagrinya		scravo	slave girl	Nome				
nyakalemalema		morcego	bat	Nome				
nyakapherú-pheru		borboleta	butterfly	Nome				
nyakatangale		flouta	flute	Nome				
nyakatendewa		camaleão	chameleon	Nome				
nyakhonbze		tipo animal	animal type	Nome				
nyakucerenga		pobre	poor person	Nome				
nyakucherenga		pessoa pobre	poor person	Nome				
nyakucinga		barbeiro	barber	Nome				
nyakudalo		profeta	prophet	Nome				
nyakufunza		estudante	student	Nome				
nyakukumba		cavador	ploughman	Nome				
nyakulamala		coxo	lame	Nome				
nyakulima		lavrador	farmer	Nome				
nyakulotera		adivinhador	seer	Nome				
nyakumana		guloso	selfish one	Nome				
nyakunyengerera		enganador	deceiver	Nome				
nyakupulumusa		salvador	savior	Nome				
nyakutongi		dirigente	leader	Nome				
nyakwawa		régulo	ruler	Nome				
nyalo		planta de pé	sole of foot	Nome				
nyalugwe		leopardo	leopard	Nome				
nyamalonda		comerciante	merchant	Nome				
nyamalwa		inimigo	enemy	Nome				
nyamawo		observador	observer	Nome				
nyamisonkho		cobrador	tax collector	Nome				
nyamudzi		dono de casa	house owner	Nome				
nyancidwe		sapo	frog	Nome				
nyandalo		profeta	prophet	Nome				
nyanfutete		paraletico	paralytic	Nome				
nyanfuwe		rato tipo	molerat	Nome				
nyang'ang'a		macaco tipo	bushbaby	Nome				
nyang'ombe		criador	herdsman	Nome				
nyangalis		fazer côcegas	tickle	Verbo				
nyansala		maluco	insane person	Nome				
nyantsembe		sacerdote	priest	Nome				
nyanyas		é nogento	be disgusting	Verbo		Njira ino isandinyanyasa.	Rua este é nogento.	
nyapaketi		marinheiro	sailor	Nome				
nyarumbi		conveiro	grave digger	Nome				
nyasa		gazela	gazell	Nome				
nyaunthaka		herdeiro	heir	Nome				
nyawance		tipo cereal	cereal type	Nome				
nyengerer		enganhar	deceive	Verbo				
nyengerero		tetações	temptations	Nome				
nyenyen		roer	chew	Verbo				
nyerezer		pensar	think	Verbo		Usanyerezera pida cita iwe?	Recorda aquele que voces fez?	Do you remember what you did?
nyerezero		pensamento	thoughts	Nome				
nyezek		quebrado	broken	Verbo				
nyezo		migalhas	crumbs	Nome				
nyindir		confiar 2	trust	Verbo				
nyindiro		confianca	confidence	Nome				
nyungwe		nyungwe	Nyungwe	Nome				
nzawo		companheiro	companion	Nome				
omba		zagaia	spear	Nome				
ombo		contentor	container	Nome				
ombol		livrar	free	Verbo				
on		ver	see	Verbo				
oneka		acontece	happen	Verbo				
oneri		guarda	guard	Nome				
oni		galadão	reward	Nome				
onsene		todo	all	Adjectivo				
onzi		tempestade	storm	Nome				
oto		fogo	fire	Nome				
pafupi		perto de	near	Preposição		Asakala pafupi na ine.	Viva perto de mim.	
pak		organizar	organize	Verbo				
paka		gato	cat	Nome				
paka bonga		gato bravo	cat	Nome				
pakati_na_kati		no meio	middle			Mwadia walowa mbuli pakati-na-kati.	A canoa fundou-se no meio.	
paketi		návio	ship	Nome				
pakil		embarcar	embark	Verbo				
pakweca		à vista	in the open	Nome		Abisala pakweca	Escondeu poco 'a vista (hid it where it could be seen)	
pale		alí	there	Demonstrativo4				
pambul		separar	separate	Verbo				
pana		com	with	Preposição				
pandir		ascender	come up	Verbo				
pando		banco	stool	Nome				
pandu		criminoso	criminal	Nome				
panduk		rasgar	tear	Verbo				
pandul		rachar	split	Verbo				
pang		dizer	say	Verbo				
pang'ono-pang'ono		devagar	slowly	Advérbio		Ddisafamba pang'ono-pang'ono.	Ando devagar.	
panga		bandido	bandit	Nome				
pangan		despedir-se	say goodbye	Verbo				
panganizan		despedir-se	say goodbye	Verbo				
pangiz		mostrar	show	Verbo				
pani		espeto	stick	Nome				
panya		rato de campo	field rat	Nome				
papi		onde?	where?	Interrogativo		Mandiceka papi? Mandiceka kupi?	Onde no corpo cortou-me? Em que zona de terra me cortou?	
parata		prata	silver	Nome				
paratu		prato	plate	Nome				
pas		dar	give	Verbo				
patali		muito longe	far away	Nome				
patat		sacar	pillage	Verbo				
patsogolo		frente	in front of	Nome				
paza		enxada	hoe	Nome				
pedzi		em vão	lying	Nome				
pember		provado inocente	proved innocent	Verbo				
penepi		este mesmo	this very one	Demonstrativo5				
penepo		alí mesmo	at that very place	Demonstrativo6				
peni		faca	knife	Nome				
peno		ou	or					
penul		duvidar	doubt	Verbo				
pepes		soprar	blow	Verbo				
perek		entregar	hand over	Verbo		Musapereka takhuta kuna Mulungu		
pereker		acompanhar	accompany	Verbo				
pesi		caniço	cane	Nome				
pezi		falso	false	Advérbio		mulungu wa pezi, a lungu a pezi, cinthu ca pezi	deus falso, deuses falsas, coisa falsa	
pezi		nú	nude			Munthu ali pezi.	Pessoa está nú.	Person is nude.
pezipezi		nú	nude	Nome				
pfemba		nove	nine	Numeral				
pfendu		vez	occasion	Nome		Ine ndinenda mpfendu inango	Eu vou outra vez	Our generation was forbidden to drink liquor as children.
pfigu		banana	banana	Nome				
pfigu		bananeira	banana tree	Nome		mpfigu ukulu		
pfinyinji		moela	spleen?	Nome				
pfum		enriquecer	get rich	Verbo				
pfuma		riquesas	riches	Nome				
pfuma		riqueza	riches	Nome				
pfumi		pessoa rica	rich person	Nome				
pfung		fechar	close	Verbo				
pfungul		abrir	open	Verbo				
pfunye		verme	worm	Nome				
pfunz		estudar	study	Verbo				
pfunzis		ensinar	teach	Verbo				
pfunzisi		professor	teacher	Nome				
pfunziso		lição	lesson	Nome				
pfunzo		ensino	teaching	Nome				
ph		matar	kill	Verbo				
phale		juventude	youth	Nome				
phale		rapaz	boy	Nome				
phambvu		força	strength	Nome				
phamir		pousar	rest on	Verbo				
phangwa		novas	news	Nome				
phaniphani		pirilampo	firefly	Nome				
phano		instrumento	instrument	Nome				
phanz		diarreia	diarrhea	Verbo				
phat		pegar	take ahold	Verbo				
phataniz		ligar	connect	Verbo				
phedz		ajudar	help	Verbo		Mulungo mbakuphedzeni.	Deus te abençõe.	
phek		ferir-se	be wounded	Verbo				
phemb		pedir	ask for	Verbo				
phember		orar	pray	Verbo				
phembero		oração	prayer	Nome				
phembw		ser pedido	be requested	Verbo				
phepo		vento	wind	Nome				
phere		sarna	chicken pox	Nome				
phete		anel	ring	Nome				
phewa		ombro	shoulder	Nome				
phik		cozinhar	cook	Verbo				
phindudz		mudar	change	Verbo				
phinduk		mudar-se	change oneself	Verbo				
phingidz		sujar	dirty	Verbo				
phingidzik		sujar-se	get dirty	Verbo				
phiramanga		milho	corn	Nome				
phiriphiri		piripiri	hot sauce	Nome				
phoko		fantasma	ghost	Nome		Nzimu wace wadza ciphoko.	O seu espirito transformou-se em fantasma.	
phol		espetar	stab	Verbo				
phony		quebrar	break	Verbo				
phop		tampar	close lid	Verbo				
phosa		culpa	guilt	Nome				
phul		cuspir	spit	Verbo				
phuli		boi	steer	Nome				
phuno		nariz	nose	Nome				
phwandu		festa	feast	Nome				
phwet		fugir apertado	flee	Verbo				
phwete		rinocerante	rhinoceros	Nome				
pibves		compreender	understand	Verbo				
pika		corrida	race	Nome				
pina		outra vez	again	Advérbio		Ndabwera pina	Vim outra vez	
pindi		pedaço	part	Nome				
pingir		carrigar	carry	Verbo				
pingirir		amarrar	wrap around	Verbo				
pini		cabo de enxada	hoe-handle	Nome				
pira		borracha	rubber	Nome				
pira		mapira	millet	Nome				
piri		montanha	mountain	Nome				
piri		terça-feira	Tuesday	Nome				
piri		dois	two	Numeral				
piri		cobra tipo	snake type	Nome				
piringan		ultrapassar	is more than	Verbo				
pirir		confiar	trust	Verbo				
pis		queimar	burn	Verbo		Lero kwapisa.	Hoje faz calor	"Today it is ""burning up""."
pit		entrar	enter	Verbo		"nkulu kupita ""greater"""		
pitamiti		girafe	giraffe	Nome				
pobvu		espuma	foam	Nome				
pokes		tirar	snatch	Verbo				
pokos		agarrar	snatch	Verbo				
pokoser		levar	take	Verbo				
poloz		fraco	weak	Verbo				
pontho		de novo	again	Advérbio		Tinaonana lini pontho?		
pony		atirar	throw	Verbo				
porofeta		profeta	prophet	Nome				
posi		um	one	Numeral		Tingamala kulengesa posi tinabwera piri	"Depois de countar ""um"" chegamos a ""dois""."	
posi		segunda-feira	monday	Nome				
potok		abandonar	abandon	Verbo				
psa		novo	new	Adjectivo		nyumba ipsa	casa nova	
psa		termino	termite	Nome				
psair		varrer	sweep	Verbo				
psaka		homen casado	married man	Nome				
psek		partir	break	Verbo				
psimbo		bengala	walking stick	Nome				
psimo		seta	arrow	Nome				
psiru		malandro	trouble maker	Nome				
psompson		chupar	suck	Verbo				
pukut		limpar	clean	Verbo				
puli		molho	bunch	Nome				
pulumuk		salvar	save	Verbo				
pulumus		salvar	save	Verbo				
pulumusi		salvador	rescuer	Nome				
pum		descansar	rest	Verbo				
punga		arroz	rice	Nome				
pute		abcesso	abcess	Nome				
putu		buchecha	cheek	Nome				
pwand		pisar	step	Verbo				
pwaz		desprezar	despise	Verbo				
pwazo		desprezo	ridicule	Nome				
pweker		repreender	rebuke	Verbo				
py		queimar	burn	Verbo				
ringi		circulo de box	boxing ring	Nome				
ririm		afundar-se	sink	Verbo				
riro		choro	crying	Nome				
rombo		lixo	garbage	Nome				
ronda		ferida	wound	Nome				
ropa		sangue	blood	Nome				
rope		octono	autumn	Nome				
rrw		casar-se	marry	Verbo				
ruzwi		assobio	whistle	Nome				
sa		aldeia	village	Nome				
sabudu		sábudu	Saturday	Nome				
sacul		tirar capim	weed a garden	Verbo				
sak		procurar	get	Verbo				
sakha		saco	sack	Nome				
sakhu		saco	sack	Nome				
sakir		procurar para	get for	Verbo				
sal		ficar	stay	Verbo				
sala		loucura	insanity	Nome				
sali		casa nova	new house	Nome				
samb		banhar	bathe	Verbo				
sambirir		nadar	swim	Verbo				
sambo		costumes	custom	Nome				
sambvu		figueira	fig tree	Nome				
sana		coluna vertebral	back bone	Nome				
sana		rato	tree dassie	Nome				
sandik		corrigir	correct	Verbo				
sandikik		disappointar	be disappointed	Verbo				
sanduk		mudar	change	Verbo				
sandukir		trair	betray	Verbo				
sanduz		mudar	change	Verbo				
sangani		provérbio	proverb	Nome				
sanganiko		reunião	meeting	Nome				
sanje		parábola	parable	Nome				
sankhul		escolher	choose	Verbo				
sanza		casa elevada	elevated house	Nome		Dzuwa sanza	por de sol	
sanzo		ramo	branch	Nome				
sapato		sapato	shoe	Nome				
sapo		fruto	fruit	Nome				
sasany		arranjar	prepare	Verbo				
sawasawa		igual	equal	Advérbio				
sawawa		piolho	louse	Nome				
sayi		caril	sauce	Nome				
sek		rir	laugh	Verbo				
sekese		arvora tipo	tree type	Nome				
semb		namorar	become engaged	Verbo				
sena		língua sena	Sena language	Nome				
sengere		bambú	bamboo	Nome				
senzek		brincar	play	Verbo				
senzi		ratazana	rat	Nome				
sere		atrás de casa	behind the house	Nome				
sere		oito	eight	Numeral				
sero		peneira	sieve	Nome				
seru		caso	case	Nome				
seu		estrada	street	Nome				
sia		deixar	leave someone	Verbo				
sika		mercado	market place	Nome				
sikati		tarde	afternoon	Nome				
siku		noite	evening	Nome				
simango		macaco	monkey	Nome				
simb		dar lavor	give praise	Verbo				
simbisis		completar	compete	Verbo				
sine		não é	it is not	Copula Verb				
singano		agulha	neddle	Nome				
sinyala		prostituta	prostitute	Nome				
sinzo		distância	distance	Nome				
sirir		cobiçar	be greedy	Verbo		Ndasirira nguwo yako.	Cobicei a tua ropa.	
sirizw		ficar chateado	be upset	Verbo				
sisi		pena	pity	Nome		nsisi zikulu maningi zidacita imwe	a grande misericordia que fez	
sitir		impedir	impede	Verbo				
situ		floresta	forest	Nome				
siy		deixar	leave someone	Verbo		Mulungu wanga, Mulungu wanga, wandisiiranji?	O doente nos deixou (morreu).	The sick one has left us (died).
so		olho	eye	Nome		Zuze akali munthu wadidi kakamwe pamaso pa Mulungu		
sodz		caçar	hunt	Verbo				
sodzi		caçador	hunter	Nome				
sodzi		lágrima	tear	Nome				
sogol		adiantar	go in front	Verbo				
soka		grupo	group	Nome				
solo		cabeça	head	Nome				
som		faultar	lack	Verbo				
son		coser	sew	Verbo		Ndasona nguwo.	Eu cosi roupas.	
sonkhano		reunião	reunion	Nome				
sonkho		imposto	tax	Nome				
sow		ter falta	not exist	Verbo		akhafamba mbuto dza kusowa anthu maningi.		he walked in a place of not many people
sowek		faltar	lack	Verbo				
sozi		lagrimas	tears	Nome				
subenz		trabalhar	work	Verbo		Musasubenza kupi?	trabalha a onde?	
sudzul		desatar	untie	Verbo				
sukun		beliscão	pinch	Verbo				
sulo		coelho	rabbit	Nome				
sum		queixar	complain	Verbo				
supada		catana	machede	Nome				
supai		polícia	police	Nome				
suwa		massa	porridge	Nome				
suwo		porta	door	Nome				
suzumir		espreitar	peek	Verbo				
sw		quebrar	break	Verbo				
sábadu		sábado	Saturday	Nome				
taik		perder-se	get lost	Verbo				
tair		deitar	throw	Verbo				
tairirw		ser aceite	be accepted	Verbo				
taka		solo	dirt	Nome				
tako		nádega	buttock	Nome				
tamb		sofrer	suffer	Verbo				
tambir		receber	receive	Verbo				
tambo		nuvens	clouds	Nome				
tanda		crux	cross	Nome				
tanga		aboboreira	pumpkin vine	Nome				
tani		como?	how?	Interrogativo				
tanthatu		seis	six	Numeral				
tap		tirar grãos	scoop	Verbo				
tapatw		ser escravo	be enslaved	Verbo				
tapik		vomitar	vomit	Verbo				
tatu		quarta-feira	Wednesday	Nome				
tatu		três	three	Numeral		Ana atatu		
tatu		trinidade	trinity	Nome				
tawir		responder	respond	Verbo				
tay		deitar fora	throw out	Verbo				
tayu		nada	not at all	Advérbio		si- aweni tayu	neg-eles(um groupo) não	
tebzala		sogro	father-in-law	Nome				
tekeny		mexer	shake	Verbo		Ndatekenya karu	Conduzir carro	Shake tree
teker		é demais	it's too much	Verbo				
teketeke		terramoto	earthquake	Nome				
teketesan		discutir	argue	Verbo				
tem		cortar	cut	Verbo				
temek		wounded	ferido	Verbo				
temo		lei tradicinal	traditional law	Nome				
tenda		doente	sick person	Nome				
tendere		paz	peace	Nome		Ndisafunadi ntendere m'Mosambiki.	Mesmo quero paz em Moçambique.	
tenepa		deste modo	in this way	Advérbio				
tenepo		desse modo	in that way	Advérbio				
tengo		número	number	Nome				
tete		canisa	cane	Nome				
tey		parir	give birth	Verbo				
thabuk		sofrer	suffer	Verbo				
thabus		castigar	punish	Verbo				
thamang		correr	run	Verbo				
thambi		mentira	lie	Nome				
thambo		ceu	sky	Nome				
thambo		cordão	necklace	Nome				
thando		deserto	desert	Nome				
thanga		abobora	pumpkin	Nome				
thanga		corral	kraal	Nome				
thangir		anticipar	do first	Verbo				
thangwi		porque	because					
thangwi		por causa de	cause	Nome				
thanya		lepra	leprosy	Nome				
thasik		estender	extend	Verbo				
thaw		fugir	flee	Verbo				
thawala		lago	lake	Nome				
thawi		ramo	branch	Nome				
thembe		pele de animal	animal skin	Nome				
thesi		rã	frog	Nome				
thete		gafanhoto	grasshopper	Nome				
thiko		meixedoura	spoon	Nome				
thim		estinguir	extinguish	Verbo				
thimidz		acrescentar	add to	Verbo		Thimidzani madzi nkomixo.	Acrescente água no copo.	
thimis		apagar fogo	extinguish	Verbo				
thimiz		aumentar	increase	Verbo				
thinidz		acrescentar	add	Verbo				
thirir		pôr água	pour	Verbo		Ndithirireni manja.	Pôr agua nas mãos.	
thoera		tanga	loincloth	Nome				
thonga		barulho	noise	Nome				
thongwe		pastagem	pasturage	Nome				
thonje		algodão	cotton	Nome				
thony		apontar	point	Verbo				
thu		1PL	1PL	Possessivo				
thubu		ancião	elder	Nome				
thul		dar nome	give name	Verbo				
thumbi		bolso	bag	Nome				
thumbi		túmulo	tomb	Nome				
thumbzi		cabra	goat	Nome				
thumul		arrebentar	snap	Verbo				
thunzi		sombra	shadow	Nome				
thupi		corpo forma	body form	Nome		thupi ing'ono	corpo pequeno	
ti		arvora	tree	Nome				
ti		falar 2	speak	Verbo				
ti		que	that					
tika		hiena	hyena	Nome				
tikan		insultar	insult	Verbo				
tima		coração	heart	Nome				
tindo		urina	urine	Nome				
tirigu		trigo	wheat	Nome				
toera		para que	in order to					
tolo		bagagem	bagage	Nome				
tom		começar	start	Verbo				
toma-tom		princípio	beginning	Verbo				
tong		reinar	rule	Verbo				
tongi		um autoridade	an authority	Nome				
tope		lodo	river mud	Nome				
tot		molhado	wet	Verbo				
totes		molhar	get wet	Verbo				
tower		segir atras de	follow	Verbo				
towez		seguir	follow	Verbo				
tsakal		envelhecer	wear out	Verbo				
tsalakan		pensar	think	Verbo				
tsam		desembarque	disembark	Verbo				
tsamba		folha	leaf	Nome				
tsanga		mato	bushland	Nome				
tsango		vespa	wasp	Nome				
tsanza		ninho	nest	Nome				
tsanzay		feliz	happy	Verbo		Mwana wa kusanzaya	Crianca feliz	
tsanzayis		causar ser feliz	make happy	Verbo				
tsato		jibóia	boa constrictor	Nome				
tsau		maçanica	apple	Nome				
tsekese		arvora tipo	tree type	Nome				
tsekese		frango	pullet	Nome				
tsekwe		ganso	goose	Nome				
tsembe		um sacrifício	a sacrifice	Nome				
tsengwa		cesta aberta	basket open	Nome				
tsikana		rapariga	girl	Nome				
tsiku		dia	day	Nome				
tsinde		em baixo	at the foot of	Advérbio				
tsisi		cabelo	hair	Nome				
tsogol		adiantar	go ahead of	Verbo				
tsogoleri		lider	leader	Nome				
tsogolo		adiante	to the front	Nome				
tsoka		maldição	curse	Nome				
tsose		cobertura	thatching	Nome				
tsuk		lavar loica	wash dishes	Verbo				
tsukwal		entrestecer	become sad	Verbo				
tsuphu		crista de galo	comb of a fowl	Nome				
tsuwa		jogo	game	Nome				
tsákala		farapo	rag	Nome				
tul		deixar coisa	leave something	Verbo				
tulo		sono	sleep	Nome				
tum		enviar	send	Verbo				
tumiz		mandar	send	Verbo				
tumwi		messengeiro	messenger	Nome				
tun		mentir	lie	Verbo				
tunda		terra seca	dry land	Nome		ntunda unango wa bara	outra lado de mar	
tundo		especia	types	Nome		Mulungu acita mituntho yonsene ya pinyama.	Deus fez todas as especias de animais.	
tundu		cesto	basket	Nome				
tunuzir		acusar	acuse	Verbo				
tup		levantar massa	rise dough	Verbo				
tupo		nome de clã	clan name	Nome				
tutumuk		ser assustado	startle	Verbo				
tálimba		cama	bed	Nome				
ubaba		paternidade	paternity	Nome				
ubale		irmandade	brotherhood	Nome				
ubodzi		unidade	unity	Nome				
ubodzi-bodzi		mesmo	same	Advérbio				
ucenche		formiga branco	termite	Nome				
uceni		pureza	purity	Nome				
uchi		fumo	smoke	Nome		uchi ukulu		
uci		mel	honey	Nome		uci wakutapira	mel doce	
udzakazi		escravidão	slavery	Nome				
udzu		capim seco	weed dry	Nome				
ufa		farinha	flour	Nome				
ukhali		entidade	entity	Nome				
ukho		taboo	taboo	Nome				
uku		este	this	Demonstrativo1				
ukulu		grandeza	greatness	Nome				
ulawa		cardume	shoal	Nome				
ule		aquele	that one	Demonstrativo4				
ulo		tarde	afternoon	Nome				
umama		maternidade	maternity	Nome				
umambo		reino	kingdom	Nome				
umbuya		senhoridade	lordship	Nome				
umu		este	this	Demonstrativo1				
ungui		piolho	louse	Nome				
unowu		este mesmo	this very one	Demonstrativo5				
upfumi		riquezas	riches	Nome				
upsipi		cor escura	blackness	Nome				
upumbuzi		bichinho	gnat	Nome				
usimbu		cardum	shoal	Nome				
ut		ladrar	bark	Verbo				
utali		ferro	iron	Nome				
utenda		doença	illness	Nome				
utende		riqueza	riches	Nome				
utongi		jutiça	justice	Nome				
utumbo		intestinho	intestine	Nome				
uwu		este	this	Demonstrativo1				
uyu		este	this	Demonstrativo1				
vik		mergulhar	dip in liquid	Verbo				
vinyu		vinho	wine	Nome				
vund		podrecer	rot	Verbo				
wadz		semear	plant	Verbo				
wana		infância	childhood	Nome				
wang		ter saúde	be healthy	Verbo		Munawangisa kunyumba.	Seja que todos tem saúde em casa.	
waw		sabor forte	strong taste	Verbo				
waz		chuviscar	drizzle	Verbo		Mulungu asawadza	Est chuviscar (chuva).	
weya		pelos	hair	Nome				
wiri		dois	two	Numeral				
wiri		dualidade	duality	Nome				
wo		d'eles	theirs	Possessivo		wawayo		
wongo		cérebro	brain	Nome				
xamwali		amigo	friend	Nome				
xamwali		amizade	friendship	Nome				
xanu		sexta-feira	Friday	Nome				
xanu		quintete	quintette	Nome				
xanu		cinco	five	Numeral				
xii		irra!	wow!	Interjeição				
xikola		escola	school	Nome				
xoko		punho	fist	Nome				
xol		falta de respeito	disrespectful	Verbo				
yale		candieiro	lamp	Nome				
yama		carne	meat	Nome				
yanga		chifre	horn	Nome				
yanza		rio	river	Nome				
yati		búfalo	Cape buffalo	Nome				
yatwa		sofrimento	suffering	Nome				
yemba		feijão	bean	Nome				
yenda		ir	go	Verbo				
yenyezi		estrela	star	Nome				
yetim		brilhar	shine	Verbo				
yetimi		brilho	brilliancy	Nome				
yimbo		canção	song	Nome				
yo		9	9	Possessivo				
yoka		serpente	snake	Nome				
yokha		somente	only	Advérbio		ini ndinena kuloja ndikheni	Eu vou a loja sozinho	
yota		sede	thirst	Nome				
yumba		casa	house	Nome				
yy		vento	wind	Nome		Muya wa Mulengi wampita nkati mwa ntima mwace.	O espírito de Deus entrou dentro do coração dele.	
zakazi		escravo	slave	Nome				
zaz		completar	complete	Verbo				
zazamir		tremer	shake	Verbo				
zazis		completar	complete	Verbo				
zimu		espirito	spirit	Nome		Nzimwace akwata Mulungu. (Heins:98)	Deus levou o espírito dele.	
zindikiro		sinal	sign	Nome				
zinji		muito	many	Adjectivo		Pinthu pizinji	Muitas coisas	Many things
zirim		alisar	smooth	Verbo				
zond		odiar	hate	Verbo				
zou		elefante	elephant	Nome				
zungu		português	portuguese	Nome				
zungu		pessoa branco	white person	Nome				
zungulir		rodear	surround	Verbo				
zungunuk		virar	turn	Verbo				
zungunus		virar	turn	Verbo				
